Experiment	Active_Blockers	Pair_Recall	Entity_Recovery	Total_Candidates	Avg_Candidates	Median_Candidates	P95_Candidates	P99_Candidates	Max_Candidates	Reduction_Ratio	Runtime_s	Memory_MB
Baseline_1_Token_Intersection	Country_Token_Jaccard	0.8549	0.641	44431518	8886.3	9200	19083	19954	21111	0.924309	11.58	1940.8
Baseline_2_Legacy_ABCD_Pruned	Name_PINNum_RareTok_CharANN_Prune20	0.8063	0.5899	44332	8.87	10	10	12	17	0.999924	70.71	3802.0
Block_A1_RawClean	Block_A1_RawClean	0.2201	0.0292	4349	0.87	1	3	4	9	0.999993	0.61	30.0
Block_A2_CoreName	Block_A2_CoreName	0.3365	0.0669	7450	1.49	1	4	9	21	0.999987	0.56	29.5
Block_A3_SortedTokens	Block_A3_SortedTokens	0.4876	0.1322	13097	2.62	2	8	19	50	0.999978	0.56	27.1
Block_A1_A2_Raw_Core	Block_A1_A2_Raw_Core	0.3365	0.0669	7450	1.49	1	4	9	21	0.999987	1.21	58.4
Block_A_All_Name_Representations	Block_A_All_Name_Representations	0.4955	0.1387	13322	2.66	2	8	19	50	0.999977	1.64	84.2
Block_B1_PIN_Only	Block_B1_PIN_Only	0.0485	0.0286	1035	0.21	0	2	5	10	0.999998	0.1	4.9
Block_B2_PIN_PrimaryNum	Block_B2_PIN_PrimaryNum	0.0474	0.0267	1002	0.2	0	2	5	10	0.999998	0.1	4.9
Block_B3_PIN_NameToken	Block_B3_PIN_NameToken	0.0387	0.0155	675	0.14	0	1	4	6	0.999999	0.11	4.9
Block_B_Combined_Anchors	Block_B_Combined_Anchors	0.0483	0.028	1018	0.2	0	2	5	10	0.999998	0.16	6.0
Cumulative_Block_A_plus_B	Name(Clean+Core+Sorted)+Address(PINNum+PINTok)	0.5205	0.1699	13934	2.79	2	8	19	50	0.999976	0.03	5.5
Block_C_RareToken_DF20	Block_C_DF_20	0.4321	0.3112	18925	3.79	0	15	20	32	0.999968	3.7	28.0
Block_C_RareToken_DF50	Block_C_DF_50	0.529	0.3694	42736	8.55	4	31	45	80	0.999927	2.96	29.3
Block_C_RareToken_DF100	Block_C_DF_100	0.5881	0.4116	83776	16.76	7	74	95	177	0.999857	2.54	32.0
Block_C_RareToken_DF200	Block_C_DF_200	0.6732	0.4544	196895	39.38	17	136	211	272	0.999665	2.47	39.2
Block_C_RareToken_DF500	Block_C_DF_500	0.8151	0.5706	645877	129.18	99	350	442	660	0.9989	2.79	63.9
Block_C_RareToken_TopN1_DF100	Block_C_TopN_1	0.47	0.2033	33750	6.75	3	37	63	76	0.999943	2.5	27.2
Block_C_RareToken_TopN3_DF100	Block_C_TopN_3	0.5902	0.4179	102404	20.48	8	84	108	186	0.999826	2.49	33.5
Cumulative_Block_A_plus_B_plus_C	Name(All)+Address(All)+RareToken(DF100_Top2)	0.73	0.466	90148	18.03	9	74	95	177	0.999846	0.14	28.7
Block_D_Retrieval_TopK_5	Block_D_TopK_5	0.736	0.4681	24987	5.0	5	5	5	5	0.999957	347.38	170.7
Block_D_Retrieval_TopK_10	Block_D_TopK_10	0.8058	0.588	49711	9.94	10	10	10	10	0.999915	363.01	170.6
Block_D_Retrieval_TopK_20	Block_D_TopK_20	0.8388	0.6518	97829	19.57	20	20	20	20	0.999833	516.97	177.5
Block_D_Retrieval_TopK_50	Block_D_TopK_50	0.8713	0.7172	228853	45.77	50	50	50	50	0.99961	451.2	177.5
Block_D_Retrieval_Ngram_3_5	Block_D_Ngram_3_5	0.8258	0.627	96036	19.21	20	20	20	20	0.999836	589.91	160.1
Block_D_Retrieval_Sim_025	Block_D_Sim_025	0.8388	0.6524	99382	19.88	20	20	20	20	0.999831	501.6	177.8
Cumulative_Block_A_plus_B_plus_C_plus_D	Name(All)+Address(All)+RareToken(DF100)+CharRetrieval(TopK20)	0.8568	0.6943	151526	30.31	21	80	105	179	0.999742	1.06	49.1
Adv_Blocker_CrossScriptAddress	CrossScriptAddressBlocker	0.0429	0.0218	857	0.17	0	1	4	9	0.999999	1.06	10.1
Adv_Blocker_Acronym	AcronymBlocker	0.0158	0.0047	275	0.06	0	0	2	5	1.0	0.61	5.8
Cumulative_Advanced_Pipeline_ABCDEF	All_Baselines+CrossScript+Acronym	0.8568	0.6943	151509	30.3	21	80	105	179	0.999742	1.67	180.0
Pruning_No_Pruning_(Full_Union)	Union_ABCD_none_0	0.8568	0.6943	151485	30.30	21	80	105	177	0.999742	0.05	12.0
Pruning_Top_100_Truncation	Union_ABCD_top_k_100	0.8560	0.6922	149842	29.97	21	80	100	100	0.999745	0.05	12.0
Pruning_Top_50_Truncation	Union_ABCD_top_k_50	0.8385	0.6573	134917	26.98	21	50	50	50	0.999770	0.05	12.0
Pruning_Top_20_Truncation	Union_ABCD_top_k_20	0.7763	0.5346	98024	19.60	20	20	20	20	0.999833	0.05	12.0
Pruning_Blocker-Aware_Top_20	Union_ABCD_blocker_aware_20	0.8132	0.5910	98024	19.60	20	20	20	20	0.999833	0.05	12.0
Pruning_Blocker-Aware_Top_50	Union_ABCD_blocker_aware_50	0.8463	0.6693	134917	26.98	21	50	50	50	0.999770	0.05	12.0
E0_Baseline_1_Token_Jaccard	Country_Token_Jaccard	0.8549	0.6410	44431518	8886.30	9200	19083	N/A	21111	0.924309	11.58	N/A
E0_Baseline_2_Legacy_ABCD_Pruned	Name_PINNum_RareTok_CharANN_Prune20	0.8063	0.5899	44332	8.87	10	10	N/A	17	0.999924	70.71	N/A
E1_Exact_Name_Only	Name(Clean+Core+Sorted)	0.4955	0.1387	13322	2.66	2	8	N/A	50	0.999977	1.64	N/A
E2_Address_Anchors_Only	Address(PINNum+PINTok)	0.0483	0.0280	1018	0.20	0	2	N/A	10	0.999998	0.16	N/A
E3_Rare_Token_Only	RareToken(DF100_Top2)	0.5881	0.4116	83776	16.76	7	74	N/A	177	0.999857	2.54	N/A
E4_Char_Retrieval_Only	CharRetrieval(TopK20)	0.8388	0.6518	97829	19.57	20	20	N/A	20	0.999833	10.50	N/A
E5_Exact_Name_plus_Address	Name(All)+Address(All)	0.5205	0.1699	13934	2.79	2	8	N/A	50	0.999976	1.80	N/A
E6_Exact_Name_plus_Address_plus_RareToken	Name(All)+Address(All)+RareToken	0.7300	0.4660	90148	18.03	9	74	N/A	177	0.999846	4.34	N/A
E7_Full_Pipeline_No_Pruning	Name(All)+Address(All)+RareToken+CharRetrieval	0.8568	0.6943	151513	30.30	21	80	N/A	179	0.999742	14.84	N/A
E8_Best_Empirical_Combination	Name(All)+Address(All)+RareToken+CharRetrieval	0.8568	0.6943	151513	30.30	21	80	N/A	179	0.999742	14.84	N/A
