source1_entity_id	candidate_count	business_name	business_address	country
S1-661238937	179	Maid Barbershop	78973 Thornton Lane, Cottage Grove, OR	US
S1-178728470	177	Maid Bistro	1137 Lisle Road, Owego, NY	US
S1-680183132	177	Sweet Ice Cream	9225 Central Park Avenue, Evergreen Park, IL	US
S1-413494020	175	Heart Charities III	1690 Santan Village Parkway, Unit 2132, Gilbert, AZ	US
S1-127208055	175	Corner Bistro LLC	205 Sunset Drive, Unit Space 116, Sedona, AZ	US
S1-738015977	174	Sweet Pilates LLC	2215 J Knight Extension, Crofton, KY	US
S1-462822527	172	Rev It Up Ice Cream LLC	608 Alpha Circle, Unit Apt 104, Bentonville, AR	US
S1-64633952	172	Twisted Yoga	612 Basin Street, Norristown Borough, PA	US
S1-157396617	171	Upper Signature Iii LLC	507 Forsythe Avenue, Calumet City, IL	US
S1-76900998	170	Maid Yoga!	445 Carr Lane, Fall Branch, TN	US
S1-760768224	170	Sweet Nails! Care	6 Biltom Road, Greenburgh, NY	US
S1-803667513	169	The Dent Book Store	103 Vine Street, Blanchester, OH	US
S1-118093791	168	Twisted Tavern	1919 89th Place, WI, Village Of Pleasant Prairie	US
S1-673483456	168	Twisted Tavern	5332 Yates Mill Pond Road, Raleigh, NC	US
S1-863234812	167	Sweet Diner	137 Sasser Drive, Clovis, NM	US
