source1_entity_id	candidate_count
S1-685851427	717
S1-355537631	648
S1-155477524	506
S1-914045522	500
S1-686122453	499
S1-226002871	490
S1-190488029	483
S1-708875234	472
S1-917901990	457
S1-652315195	448
S1-943506925	445
S1-17758980	429
S1-246802724	425
S1-674375688	423
S1-641531228	417
S1-394441564	414
S1-195287295	390
S1-444509559	385
S1-981459789	381
S1-965825653	379
S1-886700404	376
S1-896454262	376
S1-943809745	373
S1-233440709	373
S1-955643207	372
S1-781327588	372
S1-456036279	371
S1-434413360	371
S1-94391213	367
S1-553095553	358
S1-255279928	357
S1-500147467	356
S1-269375059	355
S1-63324787	351
S1-273434554	350
S1-125090268	347
S1-489258766	346
S1-358489130	346
S1-815798984	345
S1-770128219	344
S1-92162108	339
S1-743274844	338
S1-382920467	337
S1-558038542	336
S1-244333855	335
S1-671230362	334
S1-237084026	333
S1-920058042	333
S1-532618146	332
S1-812579666	331
