feature	missing_count	inf_count	is_constant	min	mean	max	std
name_exact	0	0	False	0.0	0.0092	1.0	0.0953
name_core_exact	0	0	False	0.0	0.0157	1.0	0.1243
name_sorted_exact	0	0	False	0.0	0.0276	1.0	0.1638
name_lev	0	0	False	0.0	0.4343	1.0	0.1768
name_jaro	0	0	False	0.0	0.6953	1.0	0.1167
name_token_sort_ratio	0	0	False	0.0513	0.5684	1.0	0.1425
name_token_set_ratio	0	0	False	0.0513	0.6613	1.0	0.155
name_wratio	0	0	False	0.087	0.7105	1.0	0.1486
name_token_jaccard	0	0	False	0.0	0.2517	1.0	0.1757
name_token_overlap	0	0	False	0.0	0.4378	1.0	0.2308
name_rare_token_overlap	0	0	False	0.0	0.3364	1.0	0.2172
name_token_count_diff	0	0	False	0.0	0.2391	0.9	0.2051
name_length_ratio	0	0	False	0.0455	0.7488	1.0	0.1763
addr_lev	0	0	False	0.0	0.2185	1.0	0.12
addr_token_sort_ratio	0	0	False	0.0	0.3637	1.0	0.1283
addr_token_jaccard	0	0	False	0.0	0.0345	1.0	0.1169
addr_pin_match	0	0	False	0.0	0.0021	1.0	0.0463
addr_num_match	0	0	False	0.0	0.025	1.0	0.1561
addr_length_ratio	0	0	False	0.0	0.7341	1.0	0.2259
addr_either_missing	0	0	False	0.0	0.0403	1.0	0.1966
name_translit_lev	0	0	False	0.0	0.4386	1.0	0.1767
name_translit_exact	0	0	False	0.0	0.0107	1.0	0.103
country_match	0	0	True	1.0	1.0	1.0	0.0
cross_name_addr	0	0	False	0.0	0.1002	1.0	0.101
name_high_addr_missing	0	0	False	0.0	0.0012	1.0	0.0346
name_exact_addr_match	0	0	False	0.0	0.0053	1.0	0.0725
prov_exact_name	0	0	False	0.0	0.028	1.0	0.1651
prov_address	0	0	False	0.0	0.0021	1.0	0.0459
prov_rare_token	0	0	False	0.0	0.4146	1.0	0.4926
prov_retrieval_reciprocal	0	0	False	0.0	0.6061	1.0	0.4886
prov_transliteration	0	0	False	0.0	0.1753	1.0	0.3802
prov_count	0	0	False	1.0	1.2261	5.0	0.4791
