feature	importance_split	importance_gain
addr_token_jaccard	1517	813520.19
addr_token_sort_ratio	1303	163317.97
name_jaro	1452	32164.36
cross_name_addr	597	23166.37
name_wratio	1083	22909.11
addr_length_ratio	1246	22907.99
addr_lev	1091	8495.34
prov_retrieval_reciprocal	177	8118.14
addr_num_match	409	7697.73
name_token_jaccard	1085	7377.54
name_token_sort_ratio	1561	4083.13
prov_count	496	3945.37
name_rare_token_overlap	573	3501.42
name_token_set_ratio	837	2429.12
name_length_ratio	1309	2331.87
name_lev	1065	2234.17
name_token_count_diff	807	1982.04
prov_rare_token	283	1961.52
name_translit_lev	1009	1864.61
name_token_overlap	309	1499.58
name_high_addr_missing	22	543.5
name_sorted_exact	88	451.0
addr_either_missing	37	398.09
name_core_exact	113	193.67
prov_transliteration	79	117.25
prov_exact_name	25	44.17
name_translit_exact	4	7.87
addr_pin_match	8	7.2
name_exact	9	4.2
prov_address	6	2.46
country_match	0	0.0
name_exact_addr_match	0	0.0
