decision_rule	tau	margin	macro_f0_5	macro_precision	macro_recall	singleton_accuracy	matched_recall
Pure_Threshold	0.8	N/A	0.9459	0.967	0.87	0.9194	0.8668
Top1_Only	0.4	0.00	0.724	0.971	0.3589	0.9032	0.3229
Top1_Only	0.5	0.00	0.724	0.971	0.3589	0.9032	0.3229
Top1_Only	0.55	0.00	0.724	0.971	0.3589	0.9032	0.3229
Top1_Only	0.6	0.00	0.724	0.971	0.3589	0.9032	0.3229
Top1_Only	0.65	0.00	0.724	0.971	0.3589	0.9032	0.3229
Top1_Only	0.7	0.00	0.7253	0.972	0.3599	0.9194	0.3229
Top1_Plus_Margin	0.8	0.05	0.9434	0.9702	0.8498	0.9194	0.8452
Top1_Plus_Margin	0.8	0.1	0.945	0.9685	0.8613	0.9194	0.8574
Top1_Plus_Margin	0.8	0.15	0.9455	0.9678	0.8658	0.9194	0.8622
Top1_Plus_Margin	0.8	0.2	0.9459	0.967	0.87	0.9194	0.8668
Top1_Plus_Margin	0.8	0.25	0.9459	0.967	0.87	0.9194	0.8668
