Experiment,Blocking,Features,Model,Threshold,Candidate Recall,Precision,Recall,F0.5,Avg Candidates,Runtime
Phase5_Baseline,Baseline_Rules,Basic_Strings,LogReg (Plain),0.5,1.0000,0.9600,0.8900,0.9451,783.4,0.14
Phase5_Baseline,Baseline_Rules,Basic_Strings,LogReg (Balanced),0.5,1.0000,0.2520,0.5055,0.2801,783.4,0.15
Phase5_Baseline,Baseline_Rules,Basic_Strings,RandomForest,0.5,1.0000,0.9322,0.9052,0.9267,783.4,4.64
Phase5_Ablation,Baseline_Rules,Name_Only,LogReg (Balanced),0.5,1.0000,0.2116,0.4395,0.2360,783.4,0.15
Phase5_Ablation,Baseline_Rules,Address_And_Country_Only,LogReg (Balanced),0.5,1.0000,0.2611,0.4732,0.2868,783.4,0.08
Block A (Exact Name),A,0.0000,0.10,0.999999,4.62,145.63
Block B (Address Anchors),B,0.0000,0.03,1.000000,6.90,377.22
Block A+B (Name + Address),A+B,0.0000,0.13,0.999999,19.30,529.83
Block A (Exact Name),A,0.0001,1.00,0.999999,185.69,-215.00
Block B (Address Anchors),B,0.0000,0.29,1.000000,76.25,411.98
Block A+B (Name + Address),A+B,0.0002,1.29,0.999999,174.23,-610.89
Block A (Exact Name),A,0.0000,0.10,0.999999,8.61,761.66
Block B (Address Anchors),B,0.0000,0.03,1.000000,9.13,630.80
Block A+B (Name + Address),A+B,0.0000,0.13,0.999999,8.92,259.50
Block A+B+C (Rare Tokens),A+B+C,0.0000,0.25,0.999998,16.45,136.31
Block A+B+C+D (Full Pipeline),A+B+C+D,0.0000,7.86,0.999924,84.70,234.32
